--------------------------------------------------------
--  파일이 생성됨 - 수요일-5월-17-2023   
--------------------------------------------------------
--------------------------------------------------------
--  DDL for Sequence SEQ_CLASS
--------------------------------------------------------

   CREATE SEQUENCE  "KB"."SEQ_CLASS"  MINVALUE 1 MAXVALUE 99999999 INCREMENT BY 1 START WITH 9 NOCACHE  NOORDER  NOCYCLE  NOKEEP  NOSCALE  GLOBAL ;
--------------------------------------------------------
--  DDL for Sequence SEQ_RUN_IMAGE
--------------------------------------------------------

   CREATE SEQUENCE  "KB"."SEQ_RUN_IMAGE"  MINVALUE 1 MAXVALUE 99999999 INCREMENT BY 1 START WITH 19 NOCACHE  NOORDER  NOCYCLE  NOKEEP  NOSCALE  GLOBAL ;
--------------------------------------------------------
--  DDL for Sequence SEQ_TERM
--------------------------------------------------------

   CREATE SEQUENCE  "KB"."SEQ_TERM"  MINVALUE 1 MAXVALUE 99999999 INCREMENT BY 1 START WITH 61 CACHE 20 NOORDER  NOCYCLE  NOKEEP  NOSCALE  GLOBAL ;
--------------------------------------------------------
--  DDL for Sequence SEQ_TERM_CODES
--------------------------------------------------------

   CREATE SEQUENCE  "KB"."SEQ_TERM_CODES"  MINVALUE 1 MAXVALUE 99999999 INCREMENT BY 1 START WITH 128 NOCACHE  NOORDER  NOCYCLE  NOKEEP  NOSCALE  GLOBAL ;
--------------------------------------------------------
--  DDL for Table ABC
--------------------------------------------------------

  CREATE TABLE "KB"."ABC" 
   (	"COLUMN1" VARCHAR2(20 BYTE)
   ) SEGMENT CREATION DEFERRED 
  PCTFREE 10 PCTUSED 40 INITRANS 1 MAXTRANS 255 
 NOCOMPRESS LOGGING
  TABLESPACE "USERS" ;
--------------------------------------------------------
--  DDL for Table BONUS
--------------------------------------------------------

  CREATE TABLE "KB"."BONUS" 
   (	"ENAME" VARCHAR2(10 BYTE), 
	"JOB" VARCHAR2(9 BYTE), 
	"SAL" NUMBER(*,0), 
	"COMM" NUMBER(*,0)
   ) SEGMENT CREATION DEFERRED 
  PCTFREE 10 PCTUSED 40 INITRANS 1 MAXTRANS 255 
 NOCOMPRESS LOGGING
  TABLESPACE "USERS" ;
--------------------------------------------------------
--  DDL for Table DEMP_TEMP
--------------------------------------------------------

  CREATE TABLE "KB"."DEMP_TEMP" 
   (	"COLUMN1" VARCHAR2(20 BYTE)
   ) SEGMENT CREATION DEFERRED 
  PCTFREE 10 PCTUSED 40 INITRANS 1 MAXTRANS 255 
 NOCOMPRESS LOGGING
  TABLESPACE "USERS" ;
--------------------------------------------------------
--  DDL for Table DEPT
--------------------------------------------------------

  CREATE TABLE "KB"."DEPT" 
   (	"DEPTNO" NUMBER(2,0), 
	"DNAME" VARCHAR2(14 BYTE), 
	"LOC" VARCHAR2(13 BYTE)
   ) SEGMENT CREATION IMMEDIATE 
  PCTFREE 10 PCTUSED 40 INITRANS 1 MAXTRANS 255 
 NOCOMPRESS LOGGING
  STORAGE(INITIAL 65536 NEXT 1048576 MINEXTENTS 1 MAXEXTENTS 2147483645
  PCTINCREASE 0 FREELISTS 1 FREELIST GROUPS 1
  BUFFER_POOL DEFAULT FLASH_CACHE DEFAULT CELL_FLASH_CACHE DEFAULT)
  TABLESPACE "USERS" ;
--------------------------------------------------------
--  DDL for Table DEPT_RECORD
--------------------------------------------------------

  CREATE TABLE "KB"."DEPT_RECORD" 
   (	"DEPTNO" NUMBER(2,0), 
	"DNAME" VARCHAR2(14 BYTE), 
	"LOC" VARCHAR2(13 BYTE)
   ) SEGMENT CREATION IMMEDIATE 
  PCTFREE 10 PCTUSED 40 INITRANS 1 MAXTRANS 255 
 NOCOMPRESS LOGGING
  STORAGE(INITIAL 65536 NEXT 1048576 MINEXTENTS 1 MAXEXTENTS 2147483645
  PCTINCREASE 0 FREELISTS 1 FREELIST GROUPS 1
  BUFFER_POOL DEFAULT FLASH_CACHE DEFAULT CELL_FLASH_CACHE DEFAULT)
  TABLESPACE "USERS" ;
--------------------------------------------------------
--  DDL for Table DEPT_TEMP
--------------------------------------------------------

  CREATE TABLE "KB"."DEPT_TEMP" 
   (	"DEPTNO" NUMBER(2,0), 
	"DNAME" VARCHAR2(14 BYTE), 
	"LOC" VARCHAR2(13 BYTE)
   ) SEGMENT CREATION IMMEDIATE 
  PCTFREE 10 PCTUSED 40 INITRANS 1 MAXTRANS 255 
 NOCOMPRESS LOGGING
  STORAGE(INITIAL 65536 NEXT 1048576 MINEXTENTS 1 MAXEXTENTS 2147483645
  PCTINCREASE 0 FREELISTS 1 FREELIST GROUPS 1
  BUFFER_POOL DEFAULT FLASH_CACHE DEFAULT CELL_FLASH_CACHE DEFAULT)
  TABLESPACE "USERS" ;
--------------------------------------------------------
--  DDL for Table DEPT_TEMP2
--------------------------------------------------------

  CREATE TABLE "KB"."DEPT_TEMP2" 
   (	"DEPTNO" NUMBER(2,0), 
	"DNAME" VARCHAR2(14 BYTE), 
	"LOC" VARCHAR2(13 BYTE)
   ) SEGMENT CREATION IMMEDIATE 
  PCTFREE 10 PCTUSED 40 INITRANS 1 MAXTRANS 255 
 NOCOMPRESS LOGGING
  STORAGE(INITIAL 65536 NEXT 1048576 MINEXTENTS 1 MAXEXTENTS 2147483645
  PCTINCREASE 0 FREELISTS 1 FREELIST GROUPS 1
  BUFFER_POOL DEFAULT FLASH_CACHE DEFAULT CELL_FLASH_CACHE DEFAULT)
  TABLESPACE "USERS" ;
--------------------------------------------------------
--  DDL for Table EMP
--------------------------------------------------------

  CREATE TABLE "KB"."EMP" 
   (	"EMPNO" NUMBER(4,0), 
	"ENAME" VARCHAR2(10 BYTE), 
	"JOB" VARCHAR2(9 BYTE), 
	"MGR" NUMBER(4,0), 
	"HIREDATE" DATE, 
	"SAL" NUMBER(7,2), 
	"COMM" NUMBER(7,2), 
	"DEPTNO" NUMBER(2,0)
   ) SEGMENT CREATION IMMEDIATE 
  PCTFREE 10 PCTUSED 40 INITRANS 1 MAXTRANS 255 
 NOCOMPRESS LOGGING
  STORAGE(INITIAL 65536 NEXT 1048576 MINEXTENTS 1 MAXEXTENTS 2147483645
  PCTINCREASE 0 FREELISTS 1 FREELIST GROUPS 1
  BUFFER_POOL DEFAULT FLASH_CACHE DEFAULT CELL_FLASH_CACHE DEFAULT)
  TABLESPACE "USERS" ;
--------------------------------------------------------
--  DDL for Table EMP_TRG
--------------------------------------------------------

  CREATE TABLE "KB"."EMP_TRG" 
   (	"EMPNO" NUMBER(4,0), 
	"ENAME" VARCHAR2(10 BYTE), 
	"JOB" VARCHAR2(9 BYTE), 
	"MGR" NUMBER(4,0), 
	"HIREDATE" DATE, 
	"SAL" NUMBER(7,2), 
	"COMM" NUMBER(7,2), 
	"DEPTNO" NUMBER(2,0)
   ) SEGMENT CREATION IMMEDIATE 
  PCTFREE 10 PCTUSED 40 INITRANS 1 MAXTRANS 255 
 NOCOMPRESS LOGGING
  STORAGE(INITIAL 65536 NEXT 1048576 MINEXTENTS 1 MAXEXTENTS 2147483645
  PCTINCREASE 0 FREELISTS 1 FREELIST GROUPS 1
  BUFFER_POOL DEFAULT FLASH_CACHE DEFAULT CELL_FLASH_CACHE DEFAULT)
  TABLESPACE "USERS" ;
--------------------------------------------------------
--  DDL for Table EMP_TRG_LOG
--------------------------------------------------------

  CREATE TABLE "KB"."EMP_TRG_LOG" 
   (	"TABLENAME" VARCHAR2(10 BYTE), 
	"DML_TYPE" VARCHAR2(10 BYTE), 
	"EMPNO" NUMBER(4,0), 
	"USER_NAME" VARCHAR2(30 BYTE), 
	"CHANGE_DATE" DATE
   ) SEGMENT CREATION IMMEDIATE 
  PCTFREE 10 PCTUSED 40 INITRANS 1 MAXTRANS 255 
 NOCOMPRESS LOGGING
  STORAGE(INITIAL 65536 NEXT 1048576 MINEXTENTS 1 MAXEXTENTS 2147483645
  PCTINCREASE 0 FREELISTS 1 FREELIST GROUPS 1
  BUFFER_POOL DEFAULT FLASH_CACHE DEFAULT CELL_FLASH_CACHE DEFAULT)
  TABLESPACE "USERS" ;
--------------------------------------------------------
--  DDL for Table KB_BOOK
--------------------------------------------------------

  CREATE TABLE "KB"."KB_BOOK" 
   (	"BK_UCODE" NUMBER(*,0), 
	"BK_NAME" VARCHAR2(255 BYTE), 
	"BK_WRITER" VARCHAR2(20 BYTE), 
	"BK_COMPANY" VARCHAR2(20 BYTE), 
	"BK_PICTURE" CLOB, 
	"BK_PRICE" NUMBER, 
	"CTG_UCODE" NUMBER(*,0)
   ) SEGMENT CREATION IMMEDIATE 
  PCTFREE 10 PCTUSED 40 INITRANS 1 MAXTRANS 255 
 NOCOMPRESS LOGGING
  STORAGE(INITIAL 65536 NEXT 1048576 MINEXTENTS 1 MAXEXTENTS 2147483645
  PCTINCREASE 0 FREELISTS 1 FREELIST GROUPS 1
  BUFFER_POOL DEFAULT FLASH_CACHE DEFAULT CELL_FLASH_CACHE DEFAULT)
  TABLESPACE "USERS" 
 LOB ("BK_PICTURE") STORE AS SECUREFILE (
  TABLESPACE "USERS" ENABLE STORAGE IN ROW 4000 CHUNK 8192
  NOCACHE LOGGING  NOCOMPRESS  KEEP_DUPLICATES 
  STORAGE(INITIAL 262144 NEXT 1048576 MINEXTENTS 1 MAXEXTENTS 2147483645
  PCTINCREASE 0
  BUFFER_POOL DEFAULT FLASH_CACHE DEFAULT CELL_FLASH_CACHE DEFAULT)) ;
--------------------------------------------------------
--  DDL for Table KB_CATEGORY
--------------------------------------------------------

  CREATE TABLE "KB"."KB_CATEGORY" 
   (	"CTG_UCODE" NUMBER(*,0), 
	"CTG_DEPTH" NUMBER(*,0), 
	"CTG_NAME" VARCHAR2(20 BYTE), 
	"CTG_INDEX" NUMBER(*,0), 
	"CTG_UCODE_SUPER" NUMBER(*,0)
   ) SEGMENT CREATION IMMEDIATE 
  PCTFREE 10 PCTUSED 40 INITRANS 1 MAXTRANS 255 
 NOCOMPRESS LOGGING
  STORAGE(INITIAL 65536 NEXT 1048576 MINEXTENTS 1 MAXEXTENTS 2147483645
  PCTINCREASE 0 FREELISTS 1 FREELIST GROUPS 1
  BUFFER_POOL DEFAULT FLASH_CACHE DEFAULT CELL_FLASH_CACHE DEFAULT)
  TABLESPACE "USERS" ;
--------------------------------------------------------
--  DDL for Table KB_MEMBER
--------------------------------------------------------

  CREATE TABLE "KB"."KB_MEMBER" 
   (	"MBR_UCODE" NUMBER(*,0), 
	"MBR_NAME" VARCHAR2(20 BYTE), 
	"MBR_SEX" CHAR(1 BYTE), 
	"MBR_BIRTHDAY" DATE, 
	"MBR_EMAIL" VARCHAR2(20 BYTE), 
	"MBR_TEL" VARCHAR2(13 BYTE), 
	"MBR_PICTURE" CLOB, 
	"MBR_REGDATE" DATE, 
	"MBR_RETIREDATE" DATE, 
	"MBR_STOP_DATE" DATE
   ) SEGMENT CREATION IMMEDIATE 
  PCTFREE 10 PCTUSED 40 INITRANS 1 MAXTRANS 255 
 NOCOMPRESS LOGGING
  STORAGE(INITIAL 65536 NEXT 1048576 MINEXTENTS 1 MAXEXTENTS 2147483645
  PCTINCREASE 0 FREELISTS 1 FREELIST GROUPS 1
  BUFFER_POOL DEFAULT FLASH_CACHE DEFAULT CELL_FLASH_CACHE DEFAULT)
  TABLESPACE "USERS" 
 LOB ("MBR_PICTURE") STORE AS SECUREFILE (
  TABLESPACE "USERS" ENABLE STORAGE IN ROW 4000 CHUNK 8192
  NOCACHE LOGGING  NOCOMPRESS  KEEP_DUPLICATES 
  STORAGE(INITIAL 262144 NEXT 1048576 MINEXTENTS 1 MAXEXTENTS 2147483645
  PCTINCREASE 0
  BUFFER_POOL DEFAULT FLASH_CACHE DEFAULT CELL_FLASH_CACHE DEFAULT)) ;
--------------------------------------------------------
--  DDL for Table KB_MEMBER_2
--------------------------------------------------------

  CREATE TABLE "KB"."KB_MEMBER_2" 
   (	"MBR_UCODE" NUMBER, 
	"MBR_SEX" CHAR(1 BYTE) DEFAULT 'M', 
	"MBR_BIRTHDAY" DATE, 
	"MBR_TEL" CHAR(13 BYTE), 
	"COLUMN1" VARCHAR2(20 BYTE), 
	"MBR_EMAIL" VARCHAR2(126 BYTE), 
	"MBR_PICTURE" CLOB
   ) SEGMENT CREATION DEFERRED 
  PCTFREE 10 PCTUSED 40 INITRANS 1 MAXTRANS 255 
 NOCOMPRESS LOGGING
  TABLESPACE "USERS" 
 LOB ("MBR_PICTURE") STORE AS SECUREFILE (
  TABLESPACE "USERS" ENABLE STORAGE IN ROW 4000 CHUNK 8192
  NOCACHE LOGGING  NOCOMPRESS  KEEP_DUPLICATES ) ;

   COMMENT ON COLUMN "KB"."KB_MEMBER_2"."MBR_UCODE" IS '회원번호';
   COMMENT ON COLUMN "KB"."KB_MEMBER_2"."MBR_SEX" IS '성별';
   COMMENT ON COLUMN "KB"."KB_MEMBER_2"."MBR_BIRTHDAY" IS '생일';
   COMMENT ON COLUMN "KB"."KB_MEMBER_2"."MBR_TEL" IS '전화번호';
   COMMENT ON COLUMN "KB"."KB_MEMBER_2"."COLUMN1" IS '회원이름';
   COMMENT ON COLUMN "KB"."KB_MEMBER_2"."MBR_EMAIL" IS '회원이메일';
   COMMENT ON COLUMN "KB"."KB_MEMBER_2"."MBR_PICTURE" IS '회원사진
';
--------------------------------------------------------
--  DDL for Table KB_RENT
--------------------------------------------------------

  CREATE TABLE "KB"."KB_RENT" 
   (	"RNT_UCODE" NUMBER(*,0), 
	"RNT_RENT_DATE" DATE, 
	"RNT_RETURN_DATE" DATE, 
	"RNT_STATE" CHAR(3 BYTE), 
	"BK_UCODE" NUMBER(*,0), 
	"MBR_UCODE" NUMBER(*,0), 
	"RNT_SCHEDULED_RETURN_DATE" DATE
   ) SEGMENT CREATION IMMEDIATE 
  PCTFREE 10 PCTUSED 40 INITRANS 1 MAXTRANS 255 
 NOCOMPRESS LOGGING
  STORAGE(INITIAL 65536 NEXT 1048576 MINEXTENTS 1 MAXEXTENTS 2147483645
  PCTINCREASE 0 FREELISTS 1 FREELIST GROUPS 1
  BUFFER_POOL DEFAULT FLASH_CACHE DEFAULT CELL_FLASH_CACHE DEFAULT)
  TABLESPACE "USERS" ;
--------------------------------------------------------
--  DDL for Table KB_UCODE_MAKER
--------------------------------------------------------

  CREATE TABLE "KB"."KB_UCODE_MAKER" 
   (	"UMK_KEY" VARCHAR2(20 BYTE), 
	"UMK_VALUE" NUMBER(*,0)
   ) SEGMENT CREATION IMMEDIATE 
  PCTFREE 10 PCTUSED 40 INITRANS 1 MAXTRANS 255 
 NOCOMPRESS LOGGING
  STORAGE(INITIAL 65536 NEXT 1048576 MINEXTENTS 1 MAXEXTENTS 2147483645
  PCTINCREASE 0 FREELISTS 1 FREELIST GROUPS 1
  BUFFER_POOL DEFAULT FLASH_CACHE DEFAULT CELL_FLASH_CACHE DEFAULT)
  TABLESPACE "USERS" ;
--------------------------------------------------------
--  DDL for Table PGH_CLASS
--------------------------------------------------------

  CREATE TABLE "KB"."PGH_CLASS" 
   (	"CLS_NUM" NUMBER, 
	"CLS_NAME" VARCHAR2(400 BYTE), 
	"CLS_DESCRIPT" CLOB, 
	"CLS_MEMO1" CLOB, 
	"CLS_SRC_PATH" VARCHAR2(400 BYTE), 
	"CLS_SRC_CODE" CLOB, 
	"SUB_NUM" NUMBER, 
	"CLS_DATE" DATE, 
	"CLS_MEMO2" CLOB, 
	"RUN_NUM" NUMBER
   ) SEGMENT CREATION IMMEDIATE 
  PCTFREE 10 PCTUSED 40 INITRANS 1 MAXTRANS 255 
 NOCOMPRESS LOGGING
  STORAGE(INITIAL 65536 NEXT 1048576 MINEXTENTS 1 MAXEXTENTS 2147483645
  PCTINCREASE 0 FREELISTS 1 FREELIST GROUPS 1
  BUFFER_POOL DEFAULT FLASH_CACHE DEFAULT CELL_FLASH_CACHE DEFAULT)
  TABLESPACE "USERS" 
 LOB ("CLS_DESCRIPT") STORE AS SECUREFILE (
  TABLESPACE "USERS" ENABLE STORAGE IN ROW 4000 CHUNK 8192
  NOCACHE LOGGING  NOCOMPRESS  KEEP_DUPLICATES 
  STORAGE(INITIAL 262144 NEXT 1048576 MINEXTENTS 1 MAXEXTENTS 2147483645
  PCTINCREASE 0
  BUFFER_POOL DEFAULT FLASH_CACHE DEFAULT CELL_FLASH_CACHE DEFAULT)) 
 LOB ("CLS_MEMO1") STORE AS SECUREFILE (
  TABLESPACE "USERS" ENABLE STORAGE IN ROW 4000 CHUNK 8192
  NOCACHE LOGGING  NOCOMPRESS  KEEP_DUPLICATES 
  STORAGE(INITIAL 262144 NEXT 1048576 MINEXTENTS 1 MAXEXTENTS 2147483645
  PCTINCREASE 0
  BUFFER_POOL DEFAULT FLASH_CACHE DEFAULT CELL_FLASH_CACHE DEFAULT)) 
 LOB ("CLS_SRC_CODE") STORE AS SECUREFILE (
  TABLESPACE "USERS" ENABLE STORAGE IN ROW 4000 CHUNK 8192
  NOCACHE LOGGING  NOCOMPRESS  KEEP_DUPLICATES 
  STORAGE(INITIAL 262144 NEXT 1048576 MINEXTENTS 1 MAXEXTENTS 2147483645
  PCTINCREASE 0
  BUFFER_POOL DEFAULT FLASH_CACHE DEFAULT CELL_FLASH_CACHE DEFAULT)) 
 LOB ("CLS_MEMO2") STORE AS SECUREFILE (
  TABLESPACE "USERS" ENABLE STORAGE IN ROW 4000 CHUNK 8192
  NOCACHE LOGGING  NOCOMPRESS  KEEP_DUPLICATES 
  STORAGE(INITIAL 262144 NEXT 1048576 MINEXTENTS 1 MAXEXTENTS 2147483645
  PCTINCREASE 0
  BUFFER_POOL DEFAULT FLASH_CACHE DEFAULT CELL_FLASH_CACHE DEFAULT)) ;

   COMMENT ON COLUMN "KB"."PGH_CLASS"."CLS_NUM" IS '수업번호';
   COMMENT ON COLUMN "KB"."PGH_CLASS"."CLS_NAME" IS '수업제목';
   COMMENT ON COLUMN "KB"."PGH_CLASS"."CLS_DESCRIPT" IS '수업요약
';
   COMMENT ON COLUMN "KB"."PGH_CLASS"."CLS_MEMO1" IS '메모장';
   COMMENT ON COLUMN "KB"."PGH_CLASS"."CLS_SRC_PATH" IS '소스경로';
   COMMENT ON COLUMN "KB"."PGH_CLASS"."CLS_SRC_CODE" IS '샘플코드';
--------------------------------------------------------
--  DDL for Table PGH_RUN_IMAGE
--------------------------------------------------------

  CREATE TABLE "KB"."PGH_RUN_IMAGE" 
   (	"IMG_NUM" NUMBER, 
	"IMG_PICTURE" VARCHAR2(400 BYTE), 
	"CLS_NUM" NUMBER
   ) SEGMENT CREATION IMMEDIATE 
  PCTFREE 10 PCTUSED 40 INITRANS 1 MAXTRANS 255 
 NOCOMPRESS LOGGING
  STORAGE(INITIAL 65536 NEXT 1048576 MINEXTENTS 1 MAXEXTENTS 2147483645
  PCTINCREASE 0 FREELISTS 1 FREELIST GROUPS 1
  BUFFER_POOL DEFAULT FLASH_CACHE DEFAULT CELL_FLASH_CACHE DEFAULT)
  TABLESPACE "USERS" ;

   COMMENT ON COLUMN "KB"."PGH_RUN_IMAGE"."IMG_NUM" IS '실행번호';
   COMMENT ON COLUMN "KB"."PGH_RUN_IMAGE"."IMG_PICTURE" IS '실행사진(경로)';
--------------------------------------------------------
--  DDL for Table PGH_SUBJECT
--------------------------------------------------------

  CREATE TABLE "KB"."PGH_SUBJECT" 
   (	"SUB_NUM" NUMBER, 
	"SUB_NAME" VARCHAR2(20 BYTE)
   ) SEGMENT CREATION DEFERRED 
  PCTFREE 10 PCTUSED 40 INITRANS 1 MAXTRANS 255 
 NOCOMPRESS LOGGING
  TABLESPACE "USERS" ;

   COMMENT ON COLUMN "KB"."PGH_SUBJECT"."SUB_NUM" IS '과목번호';
   COMMENT ON COLUMN "KB"."PGH_SUBJECT"."SUB_NAME" IS '과목이름';
--------------------------------------------------------
--  DDL for Table PGH_TERM
--------------------------------------------------------

  CREATE TABLE "KB"."PGH_TERM" 
   (	"TERM_NUM" NUMBER, 
	"TERM_NAME" VARCHAR2(200 BYTE), 
	"TERM_TITLE" VARCHAR2(200 BYTE), 
	"TERM_DESCRIPT" CLOB, 
	"SUB_NUM" NUMBER, 
	"TERM_DATE" DATE
   ) SEGMENT CREATION IMMEDIATE 
  PCTFREE 10 PCTUSED 40 INITRANS 1 MAXTRANS 255 
 NOCOMPRESS LOGGING
  STORAGE(INITIAL 65536 NEXT 1048576 MINEXTENTS 1 MAXEXTENTS 2147483645
  PCTINCREASE 0 FREELISTS 1 FREELIST GROUPS 1
  BUFFER_POOL DEFAULT FLASH_CACHE DEFAULT CELL_FLASH_CACHE DEFAULT)
  TABLESPACE "USERS" 
 LOB ("TERM_DESCRIPT") STORE AS SECUREFILE (
  TABLESPACE "USERS" ENABLE STORAGE IN ROW 4000 CHUNK 8192
  NOCACHE LOGGING  NOCOMPRESS  KEEP_DUPLICATES 
  STORAGE(INITIAL 262144 NEXT 1048576 MINEXTENTS 1 MAXEXTENTS 2147483645
  PCTINCREASE 0
  BUFFER_POOL DEFAULT FLASH_CACHE DEFAULT CELL_FLASH_CACHE DEFAULT)) ;

   COMMENT ON COLUMN "KB"."PGH_TERM"."TERM_NUM" IS '용어번호';
   COMMENT ON COLUMN "KB"."PGH_TERM"."TERM_NAME" IS '용어(이름)';
   COMMENT ON COLUMN "KB"."PGH_TERM"."TERM_TITLE" IS '용어제목';
   COMMENT ON COLUMN "KB"."PGH_TERM"."TERM_DESCRIPT" IS '용어설명';
   COMMENT ON COLUMN "KB"."PGH_TERM"."TERM_DATE" IS '생성날짜';
--------------------------------------------------------
--  DDL for Table PGH_TERM_CODES
--------------------------------------------------------

  CREATE TABLE "KB"."PGH_TERM_CODES" 
   (	"TCD_NUM" NUMBER, 
	"TCD_SRC_PATH" VARCHAR2(400 BYTE), 
	"TERM_NUM" NUMBER, 
	"TCD_USE_CODE" CLOB
   ) SEGMENT CREATION IMMEDIATE 
  PCTFREE 10 PCTUSED 40 INITRANS 1 MAXTRANS 255 
 NOCOMPRESS LOGGING
  STORAGE(INITIAL 65536 NEXT 1048576 MINEXTENTS 1 MAXEXTENTS 2147483645
  PCTINCREASE 0 FREELISTS 1 FREELIST GROUPS 1
  BUFFER_POOL DEFAULT FLASH_CACHE DEFAULT CELL_FLASH_CACHE DEFAULT)
  TABLESPACE "USERS" 
 LOB ("TCD_USE_CODE") STORE AS SECUREFILE (
  TABLESPACE "USERS" ENABLE STORAGE IN ROW 4000 CHUNK 8192
  NOCACHE LOGGING  NOCOMPRESS  KEEP_DUPLICATES 
  STORAGE(INITIAL 262144 NEXT 1048576 MINEXTENTS 1 MAXEXTENTS 2147483645
  PCTINCREASE 0
  BUFFER_POOL DEFAULT FLASH_CACHE DEFAULT CELL_FLASH_CACHE DEFAULT)) ;

   COMMENT ON COLUMN "KB"."PGH_TERM_CODES"."TCD_NUM" IS '용어코드번호';
   COMMENT ON COLUMN "KB"."PGH_TERM_CODES"."TCD_SRC_PATH" IS '용어코드경로';
   COMMENT ON COLUMN "KB"."PGH_TERM_CODES"."TCD_USE_CODE" IS '사용된 코드';
--------------------------------------------------------
--  DDL for Table SALGRADE
--------------------------------------------------------

  CREATE TABLE "KB"."SALGRADE" 
   (	"GRADE" NUMBER, 
	"LOSAL" NUMBER, 
	"HISAL" NUMBER
   ) SEGMENT CREATION IMMEDIATE 
  PCTFREE 10 PCTUSED 40 INITRANS 1 MAXTRANS 255 
 NOCOMPRESS LOGGING
  STORAGE(INITIAL 65536 NEXT 1048576 MINEXTENTS 1 MAXEXTENTS 2147483645
  PCTINCREASE 0 FREELISTS 1 FREELIST GROUPS 1
  BUFFER_POOL DEFAULT FLASH_CACHE DEFAULT CELL_FLASH_CACHE DEFAULT)
  TABLESPACE "USERS" ;
REM INSERTING into KB.ABC
SET DEFINE OFF;
REM INSERTING into KB.BONUS
SET DEFINE OFF;
REM INSERTING into KB.DEMP_TEMP
SET DEFINE OFF;
REM INSERTING into KB.DEPT
SET DEFINE OFF;
Insert into KB.DEPT (DEPTNO,DNAME,LOC) values (10,'ACCOUNTING','NEW YORK');
Insert into KB.DEPT (DEPTNO,DNAME,LOC) values (20,'RESEARCH','DALLAS');
Insert into KB.DEPT (DEPTNO,DNAME,LOC) values (30,'SALES','CHICAGO');
Insert into KB.DEPT (DEPTNO,DNAME,LOC) values (40,'OPERATIONS','BOSTON');
REM INSERTING into KB.DEPT_RECORD
SET DEFINE OFF;
Insert into KB.DEPT_RECORD (DEPTNO,DNAME,LOC) values (10,'ACCOUNTING','NEW YORK');
Insert into KB.DEPT_RECORD (DEPTNO,DNAME,LOC) values (20,'RESEARCH','DALLAS');
Insert into KB.DEPT_RECORD (DEPTNO,DNAME,LOC) values (30,'SALES','CHICAGO');
Insert into KB.DEPT_RECORD (DEPTNO,DNAME,LOC) values (40,'OPERATIONS','BOSTON');
Insert into KB.DEPT_RECORD (DEPTNO,DNAME,LOC) values (50,'DB','seou');
Insert into KB.DEPT_RECORD (DEPTNO,DNAME,LOC) values (98,'seoul2','database2');
REM INSERTING into KB.DEPT_TEMP
SET DEFINE OFF;
Insert into KB.DEPT_TEMP (DEPTNO,DNAME,LOC) values (50,'database','seoul');
Insert into KB.DEPT_TEMP (DEPTNO,DNAME,LOC) values (53,null,null);
Insert into KB.DEPT_TEMP (DEPTNO,DNAME,LOC) values (53,null,null);
REM INSERTING into KB.DEPT_TEMP2
SET DEFINE OFF;
Insert into KB.DEPT_TEMP2 (DEPTNO,DNAME,LOC) values (50,'database','seoul');
Insert into KB.DEPT_TEMP2 (DEPTNO,DNAME,LOC) values (52,'database',null);
REM INSERTING into KB.EMP
SET DEFINE OFF;
Insert into KB.EMP (EMPNO,ENAME,JOB,MGR,HIREDATE,SAL,COMM,DEPTNO) values (7369,'SMITH','CLERK',7902,to_date('80/12/17','RR/MM/DD'),800,null,20);
Insert into KB.EMP (EMPNO,ENAME,JOB,MGR,HIREDATE,SAL,COMM,DEPTNO) values (7499,'ALLEN','SALESMAN',7698,to_date('81/02/20','RR/MM/DD'),1600,300,30);
Insert into KB.EMP (EMPNO,ENAME,JOB,MGR,HIREDATE,SAL,COMM,DEPTNO) values (7521,'WARD','SALESMAN',7698,to_date('81/02/22','RR/MM/DD'),1250,500,30);
Insert into KB.EMP (EMPNO,ENAME,JOB,MGR,HIREDATE,SAL,COMM,DEPTNO) values (7566,'JONES','MANAGER',7839,to_date('81/04/02','RR/MM/DD'),2975,null,20);
Insert into KB.EMP (EMPNO,ENAME,JOB,MGR,HIREDATE,SAL,COMM,DEPTNO) values (7654,'MARTIN','SALESMAN',7698,to_date('81/09/28','RR/MM/DD'),1250,1400,30);
Insert into KB.EMP (EMPNO,ENAME,JOB,MGR,HIREDATE,SAL,COMM,DEPTNO) values (7698,'BLAKE','MANAGER',7839,to_date('81/05/01','RR/MM/DD'),2850,null,30);
Insert into KB.EMP (EMPNO,ENAME,JOB,MGR,HIREDATE,SAL,COMM,DEPTNO) values (7782,'CLARK','MANAGER',7839,to_date('81/06/09','RR/MM/DD'),2450,null,10);
Insert into KB.EMP (EMPNO,ENAME,JOB,MGR,HIREDATE,SAL,COMM,DEPTNO) values (7839,'KING','PRESIDENT',null,to_date('81/11/17','RR/MM/DD'),5000,null,10);
Insert into KB.EMP (EMPNO,ENAME,JOB,MGR,HIREDATE,SAL,COMM,DEPTNO) values (7844,'TURNER','SALESMAN',7698,to_date('81/09/08','RR/MM/DD'),1500,0,30);
Insert into KB.EMP (EMPNO,ENAME,JOB,MGR,HIREDATE,SAL,COMM,DEPTNO) values (7900,'JAMES','CLERK',7698,to_date('81/12/03','RR/MM/DD'),950,null,30);
Insert into KB.EMP (EMPNO,ENAME,JOB,MGR,HIREDATE,SAL,COMM,DEPTNO) values (7902,'FORD','ANALYST',7566,to_date('81/12/03','RR/MM/DD'),3000,null,20);
Insert into KB.EMP (EMPNO,ENAME,JOB,MGR,HIREDATE,SAL,COMM,DEPTNO) values (7934,'MILLER','CLERK',7782,to_date('82/01/23','RR/MM/DD'),1300,null,10);
REM INSERTING into KB.EMP_TRG
SET DEFINE OFF;
Insert into KB.EMP_TRG (EMPNO,ENAME,JOB,MGR,HIREDATE,SAL,COMM,DEPTNO) values (7369,'SMITH','CLERK',7902,to_date('80/12/17','RR/MM/DD'),800,null,20);
Insert into KB.EMP_TRG (EMPNO,ENAME,JOB,MGR,HIREDATE,SAL,COMM,DEPTNO) values (7499,'ALLEN','SALESMAN',7698,to_date('81/02/20','RR/MM/DD'),1600,300,20);
Insert into KB.EMP_TRG (EMPNO,ENAME,JOB,MGR,HIREDATE,SAL,COMM,DEPTNO) values (7521,'WARD','SALESMAN',7698,to_date('81/02/22','RR/MM/DD'),1250,500,20);
Insert into KB.EMP_TRG (EMPNO,ENAME,JOB,MGR,HIREDATE,SAL,COMM,DEPTNO) values (7566,'JONES','MANAGER',7839,to_date('81/04/02','RR/MM/DD'),2975,null,20);
Insert into KB.EMP_TRG (EMPNO,ENAME,JOB,MGR,HIREDATE,SAL,COMM,DEPTNO) values (7654,'MARTIN','SALESMAN',7698,to_date('81/09/28','RR/MM/DD'),1250,1400,20);
Insert into KB.EMP_TRG (EMPNO,ENAME,JOB,MGR,HIREDATE,SAL,COMM,DEPTNO) values (7698,'BLAKE','MANAGER',7839,to_date('81/05/01','RR/MM/DD'),2850,null,20);
Insert into KB.EMP_TRG (EMPNO,ENAME,JOB,MGR,HIREDATE,SAL,COMM,DEPTNO) values (7782,'CLARK','MANAGER',7839,to_date('81/06/09','RR/MM/DD'),2450,null,20);
Insert into KB.EMP_TRG (EMPNO,ENAME,JOB,MGR,HIREDATE,SAL,COMM,DEPTNO) values (7839,'KING','PRESIDENT',null,to_date('81/11/17','RR/MM/DD'),5000,null,20);
Insert into KB.EMP_TRG (EMPNO,ENAME,JOB,MGR,HIREDATE,SAL,COMM,DEPTNO) values (7844,'TURNER','SALESMAN',7698,to_date('81/09/08','RR/MM/DD'),1500,0,20);
Insert into KB.EMP_TRG (EMPNO,ENAME,JOB,MGR,HIREDATE,SAL,COMM,DEPTNO) values (7902,'FORD','ANALYST',7566,to_date('81/12/03','RR/MM/DD'),3000,null,20);
Insert into KB.EMP_TRG (EMPNO,ENAME,JOB,MGR,HIREDATE,SAL,COMM,DEPTNO) values (7934,'MILLER','CLERK',7782,to_date('82/01/23','RR/MM/DD'),1300,null,20);
Insert into KB.EMP_TRG (EMPNO,ENAME,JOB,MGR,HIREDATE,SAL,COMM,DEPTNO) values (9999,'홍길동',null,null,null,null,null,20);
Insert into KB.EMP_TRG (EMPNO,ENAME,JOB,MGR,HIREDATE,SAL,COMM,DEPTNO) values (9999,'홍길동',null,null,null,null,null,20);
REM INSERTING into KB.EMP_TRG_LOG
SET DEFINE OFF;
Insert into KB.EMP_TRG_LOG (TABLENAME,DML_TYPE,EMPNO,USER_NAME,CHANGE_DATE) values ('emp_trg','insert',9999,'KB',to_date('23/03/24','RR/MM/DD'));
Insert into KB.EMP_TRG_LOG (TABLENAME,DML_TYPE,EMPNO,USER_NAME,CHANGE_DATE) values ('emp_trg','update',7369,'KB',to_date('23/03/24','RR/MM/DD'));
Insert into KB.EMP_TRG_LOG (TABLENAME,DML_TYPE,EMPNO,USER_NAME,CHANGE_DATE) values ('emp_trg','update',7499,'KB',to_date('23/03/24','RR/MM/DD'));
Insert into KB.EMP_TRG_LOG (TABLENAME,DML_TYPE,EMPNO,USER_NAME,CHANGE_DATE) values ('emp_trg','update',7521,'KB',to_date('23/03/24','RR/MM/DD'));
Insert into KB.EMP_TRG_LOG (TABLENAME,DML_TYPE,EMPNO,USER_NAME,CHANGE_DATE) values ('emp_trg','update',7566,'KB',to_date('23/03/24','RR/MM/DD'));
Insert into KB.EMP_TRG_LOG (TABLENAME,DML_TYPE,EMPNO,USER_NAME,CHANGE_DATE) values ('emp_trg','update',7654,'KB',to_date('23/03/24','RR/MM/DD'));
Insert into KB.EMP_TRG_LOG (TABLENAME,DML_TYPE,EMPNO,USER_NAME,CHANGE_DATE) values ('emp_trg','update',7698,'KB',to_date('23/03/24','RR/MM/DD'));
Insert into KB.EMP_TRG_LOG (TABLENAME,DML_TYPE,EMPNO,USER_NAME,CHANGE_DATE) values ('emp_trg','update',7782,'KB',to_date('23/03/24','RR/MM/DD'));
Insert into KB.EMP_TRG_LOG (TABLENAME,DML_TYPE,EMPNO,USER_NAME,CHANGE_DATE) values ('emp_trg','update',7839,'KB',to_date('23/03/24','RR/MM/DD'));
Insert into KB.EMP_TRG_LOG (TABLENAME,DML_TYPE,EMPNO,USER_NAME,CHANGE_DATE) values ('emp_trg','update',7844,'KB',to_date('23/03/24','RR/MM/DD'));
Insert into KB.EMP_TRG_LOG (TABLENAME,DML_TYPE,EMPNO,USER_NAME,CHANGE_DATE) values ('emp_trg','update',7902,'KB',to_date('23/03/24','RR/MM/DD'));
Insert into KB.EMP_TRG_LOG (TABLENAME,DML_TYPE,EMPNO,USER_NAME,CHANGE_DATE) values ('emp_trg','update',7934,'KB',to_date('23/03/24','RR/MM/DD'));
Insert into KB.EMP_TRG_LOG (TABLENAME,DML_TYPE,EMPNO,USER_NAME,CHANGE_DATE) values ('emp_trg','update',9999,'KB',to_date('23/03/24','RR/MM/DD'));
Insert into KB.EMP_TRG_LOG (TABLENAME,DML_TYPE,EMPNO,USER_NAME,CHANGE_DATE) values ('emp_trg','update',9999,'KB',to_date('23/03/24','RR/MM/DD'));
REM INSERTING into KB.KB_BOOK
SET DEFINE OFF;
Insert into KB.KB_BOOK (BK_UCODE,BK_NAME,BK_WRITER,BK_COMPANY,BK_PRICE,CTG_UCODE) values (17,'완전쉬운파이썬','빌게이츠','대전출판사',44000,5);
Insert into KB.KB_BOOK (BK_UCODE,BK_NAME,BK_WRITER,BK_COMPANY,BK_PRICE,CTG_UCODE) values (15,'건축설비기사','고박사','부산출판사',30000,5);
Insert into KB.KB_BOOK (BK_UCODE,BK_NAME,BK_WRITER,BK_COMPANY,BK_PRICE,CTG_UCODE) values (16,'식품기사','고박사','서울출판사',33000,5);
Insert into KB.KB_BOOK (BK_UCODE,BK_NAME,BK_WRITER,BK_COMPANY,BK_PRICE,CTG_UCODE) values (18,'위험물산업기사','에디슨','대전출판사',50000,5);
Insert into KB.KB_BOOK (BK_UCODE,BK_NAME,BK_WRITER,BK_COMPANY,BK_PRICE,CTG_UCODE) values (19,'유체역학','노벨','대전출판사',12000,5);
Insert into KB.KB_BOOK (BK_UCODE,BK_NAME,BK_WRITER,BK_COMPANY,BK_PRICE,CTG_UCODE) values (20,'처음시작하는파이썬','강한나','광주출판사',72000,5);
Insert into KB.KB_BOOK (BK_UCODE,BK_NAME,BK_WRITER,BK_COMPANY,BK_PRICE,CTG_UCODE) values (21,'토질역학','강원래','광주출판사',72000,5);
Insert into KB.KB_BOOK (BK_UCODE,BK_NAME,BK_WRITER,BK_COMPANY,BK_PRICE,CTG_UCODE) values (22,'파이썬200제','스티브잡스','울산출판사',82000,5);
Insert into KB.KB_BOOK (BK_UCODE,BK_NAME,BK_WRITER,BK_COMPANY,BK_PRICE,CTG_UCODE) values (23,'산업안전기사','스티브잡스','울산출판사',33000,5);
Insert into KB.KB_BOOK (BK_UCODE,BK_NAME,BK_WRITER,BK_COMPANY,BK_PRICE,CTG_UCODE) values (24,'파이썬웹개발','스티브잡스','부산출판사',23000,5);
Insert into KB.KB_BOOK (BK_UCODE,BK_NAME,BK_WRITER,BK_COMPANY,BK_PRICE,CTG_UCODE) values (25,'파이썬프로그래밍','빌게이츠','서울출판사',43000,5);
Insert into KB.KB_BOOK (BK_UCODE,BK_NAME,BK_WRITER,BK_COMPANY,BK_PRICE,CTG_UCODE) values (26,'전기기능사','볼튼','강릉출판사',41000,5);
Insert into KB.KB_BOOK (BK_UCODE,BK_NAME,BK_WRITER,BK_COMPANY,BK_PRICE,CTG_UCODE) values (27,'재벌집막내아들1','송중기','청주출판사',33000,1);
Insert into KB.KB_BOOK (BK_UCODE,BK_NAME,BK_WRITER,BK_COMPANY,BK_PRICE,CTG_UCODE) values (28,'재벌집막내아들2','송중기','청주출판사',33000,1);
Insert into KB.KB_BOOK (BK_UCODE,BK_NAME,BK_WRITER,BK_COMPANY,BK_PRICE,CTG_UCODE) values (29,'재벌집막내아들3','송중기','청주출판사',33000,1);
Insert into KB.KB_BOOK (BK_UCODE,BK_NAME,BK_WRITER,BK_COMPANY,BK_PRICE,CTG_UCODE) values (30,'재벌집막내아들4','송중기','청주출판사',33000,1);
Insert into KB.KB_BOOK (BK_UCODE,BK_NAME,BK_WRITER,BK_COMPANY,BK_PRICE,CTG_UCODE) values (31,'재벌집막내아들5','송중기','분당출판사',33000,1);
Insert into KB.KB_BOOK (BK_UCODE,BK_NAME,BK_WRITER,BK_COMPANY,BK_PRICE,CTG_UCODE) values (32,'황제의딸','나공주','경주출판사',54000,1);
Insert into KB.KB_BOOK (BK_UCODE,BK_NAME,BK_WRITER,BK_COMPANY,BK_PRICE,CTG_UCODE) values (33,'검은달','노흑월','경주출판사',12000,1);
Insert into KB.KB_BOOK (BK_UCODE,BK_NAME,BK_WRITER,BK_COMPANY,BK_PRICE,CTG_UCODE) values (34,'녹정기','김용','홍콩출판사',32000,1);
Insert into KB.KB_BOOK (BK_UCODE,BK_NAME,BK_WRITER,BK_COMPANY,BK_PRICE,CTG_UCODE) values (35,'삼국지','나관중','형주출판사',32000,1);
Insert into KB.KB_BOOK (BK_UCODE,BK_NAME,BK_WRITER,BK_COMPANY,BK_PRICE,CTG_UCODE) values (36,'소설유관순','광복회','청주출판사',31000,1);
Insert into KB.KB_BOOK (BK_UCODE,BK_NAME,BK_WRITER,BK_COMPANY,BK_PRICE,CTG_UCODE) values (37,'소설평강공주','호동왕자','평양출판사',31000,1);
Insert into KB.KB_BOOK (BK_UCODE,BK_NAME,BK_WRITER,BK_COMPANY,BK_PRICE,CTG_UCODE) values (38,'마태복음','베드로','로마출판사',36500,2);
Insert into KB.KB_BOOK (BK_UCODE,BK_NAME,BK_WRITER,BK_COMPANY,BK_PRICE,CTG_UCODE) values (39,'세계종교역사','니체','로마출판사',36500,2);
Insert into KB.KB_BOOK (BK_UCODE,BK_NAME,BK_WRITER,BK_COMPANY,BK_PRICE,CTG_UCODE) values (40,'쓰기성경마태복음','요셉','로마출판사',56500,2);
Insert into KB.KB_BOOK (BK_UCODE,BK_NAME,BK_WRITER,BK_COMPANY,BK_PRICE,CTG_UCODE) values (41,'종교란무엇인가','다니엘','파리출판사',3000,2);
Insert into KB.KB_BOOK (BK_UCODE,BK_NAME,BK_WRITER,BK_COMPANY,BK_PRICE,CTG_UCODE) values (42,'화엄경','아미타불','인도출판사',33000,2);
Insert into KB.KB_BOOK (BK_UCODE,BK_NAME,BK_WRITER,BK_COMPANY,BK_PRICE,CTG_UCODE) values (43,'한국사','주시경','서울출판사',23000,3);
Insert into KB.KB_BOOK (BK_UCODE,BK_NAME,BK_WRITER,BK_COMPANY,BK_PRICE,CTG_UCODE) values (44,'인물따라역사여행','주시경','제주출판사',16500,3);
Insert into KB.KB_BOOK (BK_UCODE,BK_NAME,BK_WRITER,BK_COMPANY,BK_PRICE,CTG_UCODE) values (45,'동유럼','마젤란','제주출판사',48500,3);
Insert into KB.KB_BOOK (BK_UCODE,BK_NAME,BK_WRITER,BK_COMPANY,BK_PRICE,CTG_UCODE) values (47,'기초통계학','가우스','제주출판사',18500,4);
Insert into KB.KB_BOOK (BK_UCODE,BK_NAME,BK_WRITER,BK_COMPANY,BK_PRICE,CTG_UCODE) values (48,'똑똑한초등과학','에디슨','제주출판사',30000,4);
Insert into KB.KB_BOOK (BK_UCODE,BK_NAME,BK_WRITER,BK_COMPANY,BK_PRICE,CTG_UCODE) values (49,'생명과학','황수관','서울출판사',20000,4);
Insert into KB.KB_BOOK (BK_UCODE,BK_NAME,BK_WRITER,BK_COMPANY,BK_PRICE,CTG_UCODE) values (50,'양자역학수업','이휘소','서울출판사',50000,4);
Insert into KB.KB_BOOK (BK_UCODE,BK_NAME,BK_WRITER,BK_COMPANY,BK_PRICE,CTG_UCODE) values (51,'우주의역사','칼세이건','서울출판사',50000,4);
Insert into KB.KB_BOOK (BK_UCODE,BK_NAME,BK_WRITER,BK_COMPANY,BK_PRICE,CTG_UCODE) values (52,'코스모스','칼세이건','서울출판사',40000,4);
Insert into KB.KB_BOOK (BK_UCODE,BK_NAME,BK_WRITER,BK_COMPANY,BK_PRICE,CTG_UCODE) values (53,'최상위줄기과학','황수관','부산출판사',40000,4);
Insert into KB.KB_BOOK (BK_UCODE,BK_NAME,BK_WRITER,BK_COMPANY,BK_PRICE,CTG_UCODE) values (54,'열역학','노태우','부산출판사',12500,5);
Insert into KB.KB_BOOK (BK_UCODE,BK_NAME,BK_WRITER,BK_COMPANY,BK_PRICE,CTG_UCODE) values (55,'재료역학','이승만','부산출판사',12500,5);
Insert into KB.KB_BOOK (BK_UCODE,BK_NAME,BK_WRITER,BK_COMPANY,BK_PRICE,CTG_UCODE) values (14,'구의증명','홍길동','대구출판사',60000,4);
Insert into KB.KB_BOOK (BK_UCODE,BK_NAME,BK_WRITER,BK_COMPANY,BK_PRICE,CTG_UCODE) values (14,'새책','홍길동','마구',60000,1);
REM INSERTING into KB.KB_CATEGORY
SET DEFINE OFF;
Insert into KB.KB_CATEGORY (CTG_UCODE,CTG_DEPTH,CTG_NAME,CTG_INDEX,CTG_UCODE_SUPER) values (1,0,'문학',0,null);
Insert into KB.KB_CATEGORY (CTG_UCODE,CTG_DEPTH,CTG_NAME,CTG_INDEX,CTG_UCODE_SUPER) values (2,0,'종교',1,null);
Insert into KB.KB_CATEGORY (CTG_UCODE,CTG_DEPTH,CTG_NAME,CTG_INDEX,CTG_UCODE_SUPER) values (3,0,'사회과학',2,null);
Insert into KB.KB_CATEGORY (CTG_UCODE,CTG_DEPTH,CTG_NAME,CTG_INDEX,CTG_UCODE_SUPER) values (4,0,'자연과학',3,null);
Insert into KB.KB_CATEGORY (CTG_UCODE,CTG_DEPTH,CTG_NAME,CTG_INDEX,CTG_UCODE_SUPER) values (5,0,'기술/공학',4,null);
Insert into KB.KB_CATEGORY (CTG_UCODE,CTG_DEPTH,CTG_NAME,CTG_INDEX,CTG_UCODE_SUPER) values (1,0,'문학',0,null);
Insert into KB.KB_CATEGORY (CTG_UCODE,CTG_DEPTH,CTG_NAME,CTG_INDEX,CTG_UCODE_SUPER) values (2,0,'종교',1,null);
Insert into KB.KB_CATEGORY (CTG_UCODE,CTG_DEPTH,CTG_NAME,CTG_INDEX,CTG_UCODE_SUPER) values (3,0,'사회과학',2,null);
Insert into KB.KB_CATEGORY (CTG_UCODE,CTG_DEPTH,CTG_NAME,CTG_INDEX,CTG_UCODE_SUPER) values (4,0,'자연과학',3,null);
Insert into KB.KB_CATEGORY (CTG_UCODE,CTG_DEPTH,CTG_NAME,CTG_INDEX,CTG_UCODE_SUPER) values (5,0,'기술/공학',4,null);
REM INSERTING into KB.KB_MEMBER
SET DEFINE OFF;
Insert into KB.KB_MEMBER (MBR_UCODE,MBR_NAME,MBR_SEX,MBR_BIRTHDAY,MBR_EMAIL,MBR_TEL,MBR_REGDATE,MBR_RETIREDATE,MBR_STOP_DATE) values (18,'김구','M',to_date('99/06/08','RR/MM/DD'),'kg@naver.com','011-1548-4453',to_date('23/03/16','RR/MM/DD'),null,null);
Insert into KB.KB_MEMBER (MBR_UCODE,MBR_NAME,MBR_SEX,MBR_BIRTHDAY,MBR_EMAIL,MBR_TEL,MBR_REGDATE,MBR_RETIREDATE,MBR_STOP_DATE) values (19,'박태완','M',to_date('00/08/08','RR/MM/DD'),'ptw@naver.com','010-1548-4898',to_date('23/03/16','RR/MM/DD'),null,null);
Insert into KB.KB_MEMBER (MBR_UCODE,MBR_NAME,MBR_SEX,MBR_BIRTHDAY,MBR_EMAIL,MBR_TEL,MBR_REGDATE,MBR_RETIREDATE,MBR_STOP_DATE) values (16,'박지성','M',to_date('23/03/14','RR/MM/DD'),'pjs@naver.com','010-1111-2222',to_date('23/03/14','RR/MM/DD'),null,null);
Insert into KB.KB_MEMBER (MBR_UCODE,MBR_NAME,MBR_SEX,MBR_BIRTHDAY,MBR_EMAIL,MBR_TEL,MBR_REGDATE,MBR_RETIREDATE,MBR_STOP_DATE) values (17,'김연아','W',to_date('09/06/03','RR/MM/DD'),'ass@naver.com','010-1548-4453',to_date('23/03/16','RR/MM/DD'),null,null);
Insert into KB.KB_MEMBER (MBR_UCODE,MBR_NAME,MBR_SEX,MBR_BIRTHDAY,MBR_EMAIL,MBR_TEL,MBR_REGDATE,MBR_RETIREDATE,MBR_STOP_DATE) values (20,'세종대왕','M',to_date('53/03/01','RR/MM/DD'),'ptw@kingdom.com','016-1548-4891',to_date('23/04/26','RR/MM/DD'),null,to_date('23/04/03','RR/MM/DD'));
Insert into KB.KB_MEMBER (MBR_UCODE,MBR_NAME,MBR_SEX,MBR_BIRTHDAY,MBR_EMAIL,MBR_TEL,MBR_REGDATE,MBR_RETIREDATE,MBR_STOP_DATE) values (21,'손예진','W',to_date('02/06/01','RR/MM/DD'),'syj@nate.com','016-3333-4898',to_date('23/03/16','RR/MM/DD'),null,null);
Insert into KB.KB_MEMBER (MBR_UCODE,MBR_NAME,MBR_SEX,MBR_BIRTHDAY,MBR_EMAIL,MBR_TEL,MBR_REGDATE,MBR_RETIREDATE,MBR_STOP_DATE) values (22,'손흥민','M',to_date('02/06/01','RR/MM/DD'),'son@nate.com','018-3333-4898',to_date('23/03/16','RR/MM/DD'),null,null);
Insert into KB.KB_MEMBER (MBR_UCODE,MBR_NAME,MBR_SEX,MBR_BIRTHDAY,MBR_EMAIL,MBR_TEL,MBR_REGDATE,MBR_RETIREDATE,MBR_STOP_DATE) values (23,'신사임당','W',to_date('11/12/01','RR/MM/DD'),'sin@nate.com','019-3333-4898',to_date('23/03/16','RR/MM/DD'),null,null);
Insert into KB.KB_MEMBER (MBR_UCODE,MBR_NAME,MBR_SEX,MBR_BIRTHDAY,MBR_EMAIL,MBR_TEL,MBR_REGDATE,MBR_RETIREDATE,MBR_STOP_DATE) values (24,'신세경','W',to_date('89/12/01','RR/MM/DD'),'sin@kbs.com','019-3333-4778',to_date('23/03/16','RR/MM/DD'),null,null);
Insert into KB.KB_MEMBER (MBR_UCODE,MBR_NAME,MBR_SEX,MBR_BIRTHDAY,MBR_EMAIL,MBR_TEL,MBR_REGDATE,MBR_RETIREDATE,MBR_STOP_DATE) values (25,'유관순','W',to_date('91/12/01','RR/MM/DD'),'yoo@korea.com','019-6531-4778',to_date('23/03/16','RR/MM/DD'),null,null);
Insert into KB.KB_MEMBER (MBR_UCODE,MBR_NAME,MBR_SEX,MBR_BIRTHDAY,MBR_EMAIL,MBR_TEL,MBR_REGDATE,MBR_RETIREDATE,MBR_STOP_DATE) values (26,'장나라','W',to_date('99/12/01','RR/MM/DD'),'nara@kbs.com','019-6531-7474',to_date('23/03/16','RR/MM/DD'),null,null);
Insert into KB.KB_MEMBER (MBR_UCODE,MBR_NAME,MBR_SEX,MBR_BIRTHDAY,MBR_EMAIL,MBR_TEL,MBR_REGDATE,MBR_RETIREDATE,MBR_STOP_DATE) values (27,'히딩크','M',to_date('68/03/01','RR/MM/DD'),'hdk@korea.com','019-6531-7474',to_date('23/03/16','RR/MM/DD'),null,null);
Insert into KB.KB_MEMBER (MBR_UCODE,MBR_NAME,MBR_SEX,MBR_BIRTHDAY,MBR_EMAIL,MBR_TEL,MBR_REGDATE,MBR_RETIREDATE,MBR_STOP_DATE) values (28,'이승엽','M',to_date('91/03/01','RR/MM/DD'),'hdk@korea.com','010-6531-7474',to_date('23/03/16','RR/MM/DD'),null,null);
Insert into KB.KB_MEMBER (MBR_UCODE,MBR_NAME,MBR_SEX,MBR_BIRTHDAY,MBR_EMAIL,MBR_TEL,MBR_REGDATE,MBR_RETIREDATE,MBR_STOP_DATE) values (29,'이영표','M',to_date('78/03/01','RR/MM/DD'),'lyp@korea.com','010-6531-1010',to_date('23/03/16','RR/MM/DD'),null,null);
Insert into KB.KB_MEMBER (MBR_UCODE,MBR_NAME,MBR_SEX,MBR_BIRTHDAY,MBR_EMAIL,MBR_TEL,MBR_REGDATE,MBR_RETIREDATE,MBR_STOP_DATE) values (30,'이순신','M',to_date('55/01/01','RR/MM/DD'),'lss@korea.com','010-1010-1010',to_date('23/03/16','RR/MM/DD'),null,null);
Insert into KB.KB_MEMBER (MBR_UCODE,MBR_NAME,MBR_SEX,MBR_BIRTHDAY,MBR_EMAIL,MBR_TEL,MBR_REGDATE,MBR_RETIREDATE,MBR_STOP_DATE) values (31,'유재석','M',to_date('78/03/16','RR/MM/DD'),'yjs@kbs.com','010-6949-7878',to_date('23/03/16','RR/MM/DD'),null,null);
Insert into KB.KB_MEMBER (MBR_UCODE,MBR_NAME,MBR_SEX,MBR_BIRTHDAY,MBR_EMAIL,MBR_TEL,MBR_REGDATE,MBR_RETIREDATE,MBR_STOP_DATE) values (32,'안중근','M',to_date('81/03/01','RR/MM/DD'),'ann@korea.com','010-6949-3131',to_date('23/03/16','RR/MM/DD'),null,null);
Insert into KB.KB_MEMBER (MBR_UCODE,MBR_NAME,MBR_SEX,MBR_BIRTHDAY,MBR_EMAIL,MBR_TEL,MBR_REGDATE,MBR_RETIREDATE,MBR_STOP_DATE) values (1,'김상목','M',to_date('71/10/20','RR/MM/DD'),'iborg1020@naver.com','010-2452-0226',to_date('23/03/14','RR/MM/DD'),to_date('23/03/09','RR/MM/DD'),null);
Insert into KB.KB_MEMBER (MBR_UCODE,MBR_NAME,MBR_SEX,MBR_BIRTHDAY,MBR_EMAIL,MBR_TEL,MBR_REGDATE,MBR_RETIREDATE,MBR_STOP_DATE) values (16,'박지성','M',to_date('23/03/14','RR/MM/DD'),'pjs@naver.com','010-1111-2222',to_date('23/03/14','RR/MM/DD'),null,null);
Insert into KB.KB_MEMBER (MBR_UCODE,MBR_NAME,MBR_SEX,MBR_BIRTHDAY,MBR_EMAIL,MBR_TEL,MBR_REGDATE,MBR_RETIREDATE,MBR_STOP_DATE) values (1,'김상목','M',to_date('71/10/20','RR/MM/DD'),'iborg1020@naver.com','010-2452-0226',to_date('23/03/14','RR/MM/DD'),to_date('23/03/09','RR/MM/DD'),null);
REM INSERTING into KB.KB_MEMBER_2
SET DEFINE OFF;
REM INSERTING into KB.KB_RENT
SET DEFINE OFF;
Insert into KB.KB_RENT (RNT_UCODE,RNT_RENT_DATE,RNT_RETURN_DATE,RNT_STATE,BK_UCODE,MBR_UCODE,RNT_SCHEDULED_RETURN_DATE) values (12,to_date('23/03/01','RR/MM/DD'),null,null,35,18,to_date('23/03/15','RR/MM/DD'));
Insert into KB.KB_RENT (RNT_UCODE,RNT_RENT_DATE,RNT_RETURN_DATE,RNT_STATE,BK_UCODE,MBR_UCODE,RNT_SCHEDULED_RETURN_DATE) values (13,to_date('23/03/08','RR/MM/DD'),null,null,34,19,to_date('23/03/22','RR/MM/DD'));
Insert into KB.KB_RENT (RNT_UCODE,RNT_RENT_DATE,RNT_RETURN_DATE,RNT_STATE,BK_UCODE,MBR_UCODE,RNT_SCHEDULED_RETURN_DATE) values (14,to_date('23/03/08','RR/MM/DD'),to_date('23/03/16','RR/MM/DD'),null,33,19,to_date('23/03/22','RR/MM/DD'));
Insert into KB.KB_RENT (RNT_UCODE,RNT_RENT_DATE,RNT_RETURN_DATE,RNT_STATE,BK_UCODE,MBR_UCODE,RNT_SCHEDULED_RETURN_DATE) values (10,to_date('23/03/16','RR/MM/DD'),null,null,37,18,to_date('23/03/30','RR/MM/DD'));
Insert into KB.KB_RENT (RNT_UCODE,RNT_RENT_DATE,RNT_RETURN_DATE,RNT_STATE,BK_UCODE,MBR_UCODE,RNT_SCHEDULED_RETURN_DATE) values (11,to_date('23/03/16','RR/MM/DD'),null,null,36,18,to_date('23/03/30','RR/MM/DD'));
Insert into KB.KB_RENT (RNT_UCODE,RNT_RENT_DATE,RNT_RETURN_DATE,RNT_STATE,BK_UCODE,MBR_UCODE,RNT_SCHEDULED_RETURN_DATE) values (15,to_date('23/03/08','RR/MM/DD'),to_date('23/03/16','RR/MM/DD'),null,32,19,to_date('23/03/22','RR/MM/DD'));
Insert into KB.KB_RENT (RNT_UCODE,RNT_RENT_DATE,RNT_RETURN_DATE,RNT_STATE,BK_UCODE,MBR_UCODE,RNT_SCHEDULED_RETURN_DATE) values (16,to_date('23/03/02','RR/MM/DD'),null,null,28,19,to_date('23/03/16','RR/MM/DD'));
Insert into KB.KB_RENT (RNT_UCODE,RNT_RENT_DATE,RNT_RETURN_DATE,RNT_STATE,BK_UCODE,MBR_UCODE,RNT_SCHEDULED_RETURN_DATE) values (17,to_date('23/03/04','RR/MM/DD'),null,null,30,16,to_date('23/03/18','RR/MM/DD'));
Insert into KB.KB_RENT (RNT_UCODE,RNT_RENT_DATE,RNT_RETURN_DATE,RNT_STATE,BK_UCODE,MBR_UCODE,RNT_SCHEDULED_RETURN_DATE) values (18,to_date('23/03/04','RR/MM/DD'),null,null,31,16,to_date('23/03/18','RR/MM/DD'));
Insert into KB.KB_RENT (RNT_UCODE,RNT_RENT_DATE,RNT_RETURN_DATE,RNT_STATE,BK_UCODE,MBR_UCODE,RNT_SCHEDULED_RETURN_DATE) values (19,to_date('23/03/04','RR/MM/DD'),null,null,29,16,to_date('23/03/18','RR/MM/DD'));
Insert into KB.KB_RENT (RNT_UCODE,RNT_RENT_DATE,RNT_RETURN_DATE,RNT_STATE,BK_UCODE,MBR_UCODE,RNT_SCHEDULED_RETURN_DATE) values (20,to_date('23/02/28','RR/MM/DD'),to_date('23/03/02','RR/MM/DD'),null,33,20,to_date('23/03/14','RR/MM/DD'));
Insert into KB.KB_RENT (RNT_UCODE,RNT_RENT_DATE,RNT_RETURN_DATE,RNT_STATE,BK_UCODE,MBR_UCODE,RNT_SCHEDULED_RETURN_DATE) values (21,to_date('23/02/28','RR/MM/DD'),to_date('23/03/02','RR/MM/DD'),null,32,20,to_date('23/03/14','RR/MM/DD'));
Insert into KB.KB_RENT (RNT_UCODE,RNT_RENT_DATE,RNT_RETURN_DATE,RNT_STATE,BK_UCODE,MBR_UCODE,RNT_SCHEDULED_RETURN_DATE) values (22,to_date('23/02/28','RR/MM/DD'),to_date('23/03/02','RR/MM/DD'),null,27,20,to_date('23/03/14','RR/MM/DD'));
Insert into KB.KB_RENT (RNT_UCODE,RNT_RENT_DATE,RNT_RETURN_DATE,RNT_STATE,BK_UCODE,MBR_UCODE,RNT_SCHEDULED_RETURN_DATE) values (23,to_date('23/02/03','RR/MM/DD'),to_date('23/03/04','RR/MM/DD'),null,42,20,to_date('23/02/17','RR/MM/DD'));
Insert into KB.KB_RENT (RNT_UCODE,RNT_RENT_DATE,RNT_RETURN_DATE,RNT_STATE,BK_UCODE,MBR_UCODE,RNT_SCHEDULED_RETURN_DATE) values (24,to_date('23/02/03','RR/MM/DD'),to_date('23/03/04','RR/MM/DD'),null,41,20,to_date('23/02/17','RR/MM/DD'));
Insert into KB.KB_RENT (RNT_UCODE,RNT_RENT_DATE,RNT_RETURN_DATE,RNT_STATE,BK_UCODE,MBR_UCODE,RNT_SCHEDULED_RETURN_DATE) values (25,to_date('23/02/03','RR/MM/DD'),to_date('23/03/04','RR/MM/DD'),null,40,20,to_date('23/02/17','RR/MM/DD'));
Insert into KB.KB_RENT (RNT_UCODE,RNT_RENT_DATE,RNT_RETURN_DATE,RNT_STATE,BK_UCODE,MBR_UCODE,RNT_SCHEDULED_RETURN_DATE) values (26,to_date('23/03/06','RR/MM/DD'),to_date('23/03/07','RR/MM/DD'),null,39,20,to_date('23/03/20','RR/MM/DD'));
Insert into KB.KB_RENT (RNT_UCODE,RNT_RENT_DATE,RNT_RETURN_DATE,RNT_STATE,BK_UCODE,MBR_UCODE,RNT_SCHEDULED_RETURN_DATE) values (27,to_date('23/03/06','RR/MM/DD'),to_date('23/03/07','RR/MM/DD'),null,38,20,to_date('23/03/20','RR/MM/DD'));
Insert into KB.KB_RENT (RNT_UCODE,RNT_RENT_DATE,RNT_RETURN_DATE,RNT_STATE,BK_UCODE,MBR_UCODE,RNT_SCHEDULED_RETURN_DATE) values (28,to_date('23/03/06','RR/MM/DD'),to_date('23/03/09','RR/MM/DD'),null,45,20,to_date('23/03/20','RR/MM/DD'));
Insert into KB.KB_RENT (RNT_UCODE,RNT_RENT_DATE,RNT_RETURN_DATE,RNT_STATE,BK_UCODE,MBR_UCODE,RNT_SCHEDULED_RETURN_DATE) values (29,to_date('23/03/08','RR/MM/DD'),to_date('23/03/09','RR/MM/DD'),null,44,20,to_date('23/03/22','RR/MM/DD'));
Insert into KB.KB_RENT (RNT_UCODE,RNT_RENT_DATE,RNT_RETURN_DATE,RNT_STATE,BK_UCODE,MBR_UCODE,RNT_SCHEDULED_RETURN_DATE) values (30,to_date('23/03/08','RR/MM/DD'),to_date('23/03/09','RR/MM/DD'),null,43,20,to_date('23/03/22','RR/MM/DD'));
Insert into KB.KB_RENT (RNT_UCODE,RNT_RENT_DATE,RNT_RETURN_DATE,RNT_STATE,BK_UCODE,MBR_UCODE,RNT_SCHEDULED_RETURN_DATE) values (31,to_date('23/03/09','RR/MM/DD'),to_date('23/03/10','RR/MM/DD'),null,14,20,to_date('23/03/23','RR/MM/DD'));
Insert into KB.KB_RENT (RNT_UCODE,RNT_RENT_DATE,RNT_RETURN_DATE,RNT_STATE,BK_UCODE,MBR_UCODE,RNT_SCHEDULED_RETURN_DATE) values (32,to_date('23/03/09','RR/MM/DD'),to_date('23/03/10','RR/MM/DD'),null,53,20,to_date('23/03/23','RR/MM/DD'));
Insert into KB.KB_RENT (RNT_UCODE,RNT_RENT_DATE,RNT_RETURN_DATE,RNT_STATE,BK_UCODE,MBR_UCODE,RNT_SCHEDULED_RETURN_DATE) values (33,to_date('23/03/09','RR/MM/DD'),to_date('23/03/10','RR/MM/DD'),null,52,20,to_date('23/03/23','RR/MM/DD'));
Insert into KB.KB_RENT (RNT_UCODE,RNT_RENT_DATE,RNT_RETURN_DATE,RNT_STATE,BK_UCODE,MBR_UCODE,RNT_SCHEDULED_RETURN_DATE) values (34,to_date('23/03/15','RR/MM/DD'),null,null,51,20,to_date('23/03/29','RR/MM/DD'));
Insert into KB.KB_RENT (RNT_UCODE,RNT_RENT_DATE,RNT_RETURN_DATE,RNT_STATE,BK_UCODE,MBR_UCODE,RNT_SCHEDULED_RETURN_DATE) values (35,to_date('23/03/15','RR/MM/DD'),null,null,50,20,to_date('23/03/29','RR/MM/DD'));
Insert into KB.KB_RENT (RNT_UCODE,RNT_RENT_DATE,RNT_RETURN_DATE,RNT_STATE,BK_UCODE,MBR_UCODE,RNT_SCHEDULED_RETURN_DATE) values (36,to_date('23/03/15','RR/MM/DD'),to_date('23/03/10','RR/MM/DD'),null,50,20,to_date('23/03/29','RR/MM/DD'));
Insert into KB.KB_RENT (RNT_UCODE,RNT_RENT_DATE,RNT_RETURN_DATE,RNT_STATE,BK_UCODE,MBR_UCODE,RNT_SCHEDULED_RETURN_DATE) values (37,to_date('23/03/15','RR/MM/DD'),null,null,48,20,to_date('23/03/29','RR/MM/DD'));
Insert into KB.KB_RENT (RNT_UCODE,RNT_RENT_DATE,RNT_RETURN_DATE,RNT_STATE,BK_UCODE,MBR_UCODE,RNT_SCHEDULED_RETURN_DATE) values (38,to_date('23/03/15','RR/MM/DD'),null,null,47,22,to_date('23/03/29','RR/MM/DD'));
Insert into KB.KB_RENT (RNT_UCODE,RNT_RENT_DATE,RNT_RETURN_DATE,RNT_STATE,BK_UCODE,MBR_UCODE,RNT_SCHEDULED_RETURN_DATE) values (39,to_date('23/03/15','RR/MM/DD'),null,null,55,22,to_date('23/03/29','RR/MM/DD'));
Insert into KB.KB_RENT (RNT_UCODE,RNT_RENT_DATE,RNT_RETURN_DATE,RNT_STATE,BK_UCODE,MBR_UCODE,RNT_SCHEDULED_RETURN_DATE) values (40,to_date('23/02/28','RR/MM/DD'),null,null,54,22,to_date('23/03/14','RR/MM/DD'));
Insert into KB.KB_RENT (RNT_UCODE,RNT_RENT_DATE,RNT_RETURN_DATE,RNT_STATE,BK_UCODE,MBR_UCODE,RNT_SCHEDULED_RETURN_DATE) values (41,to_date('23/03/03','RR/MM/DD'),null,null,26,23,to_date('23/03/17','RR/MM/DD'));
Insert into KB.KB_RENT (RNT_UCODE,RNT_RENT_DATE,RNT_RETURN_DATE,RNT_STATE,BK_UCODE,MBR_UCODE,RNT_SCHEDULED_RETURN_DATE) values (42,to_date('23/03/07','RR/MM/DD'),null,null,23,24,to_date('23/03/21','RR/MM/DD'));
Insert into KB.KB_RENT (RNT_UCODE,RNT_RENT_DATE,RNT_RETURN_DATE,RNT_STATE,BK_UCODE,MBR_UCODE,RNT_SCHEDULED_RETURN_DATE) values (43,to_date('23/03/07','RR/MM/DD'),null,null,22,24,to_date('23/03/21','RR/MM/DD'));
Insert into KB.KB_RENT (RNT_UCODE,RNT_RENT_DATE,RNT_RETURN_DATE,RNT_STATE,BK_UCODE,MBR_UCODE,RNT_SCHEDULED_RETURN_DATE) values (44,to_date('23/03/07','RR/MM/DD'),null,null,20,24,to_date('23/03/21','RR/MM/DD'));
Insert into KB.KB_RENT (RNT_UCODE,RNT_RENT_DATE,RNT_RETURN_DATE,RNT_STATE,BK_UCODE,MBR_UCODE,RNT_SCHEDULED_RETURN_DATE) values (45,to_date('23/03/07','RR/MM/DD'),null,null,18,26,to_date('23/03/21','RR/MM/DD'));
Insert into KB.KB_RENT (RNT_UCODE,RNT_RENT_DATE,RNT_RETURN_DATE,RNT_STATE,BK_UCODE,MBR_UCODE,RNT_SCHEDULED_RETURN_DATE) values (46,to_date('23/03/07','RR/MM/DD'),to_date('23/03/10','RR/MM/DD'),null,16,26,to_date('23/03/21','RR/MM/DD'));
Insert into KB.KB_RENT (RNT_UCODE,RNT_RENT_DATE,RNT_RETURN_DATE,RNT_STATE,BK_UCODE,MBR_UCODE,RNT_SCHEDULED_RETURN_DATE) values (47,to_date('23/03/07','RR/MM/DD'),null,null,17,26,to_date('23/03/21','RR/MM/DD'));
Insert into KB.KB_RENT (RNT_UCODE,RNT_RENT_DATE,RNT_RETURN_DATE,RNT_STATE,BK_UCODE,MBR_UCODE,RNT_SCHEDULED_RETURN_DATE) values (48,to_date('23/03/07','RR/MM/DD'),null,null,32,27,to_date('23/03/21','RR/MM/DD'));
Insert into KB.KB_RENT (RNT_UCODE,RNT_RENT_DATE,RNT_RETURN_DATE,RNT_STATE,BK_UCODE,MBR_UCODE,RNT_SCHEDULED_RETURN_DATE) values (49,to_date('23/03/07','RR/MM/DD'),null,null,27,28,to_date('23/03/21','RR/MM/DD'));
Insert into KB.KB_RENT (RNT_UCODE,RNT_RENT_DATE,RNT_RETURN_DATE,RNT_STATE,BK_UCODE,MBR_UCODE,RNT_SCHEDULED_RETURN_DATE) values (50,to_date('23/03/07','RR/MM/DD'),null,null,41,29,to_date('23/03/21','RR/MM/DD'));
Insert into KB.KB_RENT (RNT_UCODE,RNT_RENT_DATE,RNT_RETURN_DATE,RNT_STATE,BK_UCODE,MBR_UCODE,RNT_SCHEDULED_RETURN_DATE) values (51,to_date('23/03/16','RR/MM/DD'),null,null,41,29,to_date('23/03/30','RR/MM/DD'));
Insert into KB.KB_RENT (RNT_UCODE,RNT_RENT_DATE,RNT_RETURN_DATE,RNT_STATE,BK_UCODE,MBR_UCODE,RNT_SCHEDULED_RETURN_DATE) values (52,to_date('23/03/16','RR/MM/DD'),null,null,45,29,to_date('23/03/30','RR/MM/DD'));
Insert into KB.KB_RENT (RNT_UCODE,RNT_RENT_DATE,RNT_RETURN_DATE,RNT_STATE,BK_UCODE,MBR_UCODE,RNT_SCHEDULED_RETURN_DATE) values (53,to_date('23/03/16','RR/MM/DD'),null,null,52,31,to_date('23/03/30','RR/MM/DD'));
Insert into KB.KB_RENT (RNT_UCODE,RNT_RENT_DATE,RNT_RETURN_DATE,RNT_STATE,BK_UCODE,MBR_UCODE,RNT_SCHEDULED_RETURN_DATE) values (54,to_date('23/03/16','RR/MM/DD'),null,null,53,32,to_date('23/03/30','RR/MM/DD'));
Insert into KB.KB_RENT (RNT_UCODE,RNT_RENT_DATE,RNT_RETURN_DATE,RNT_STATE,BK_UCODE,MBR_UCODE,RNT_SCHEDULED_RETURN_DATE) values (55,to_date('23/03/01','RR/MM/DD'),null,null,43,32,to_date('23/03/15','RR/MM/DD'));
REM INSERTING into KB.KB_UCODE_MAKER
SET DEFINE OFF;
Insert into KB.KB_UCODE_MAKER (UMK_KEY,UMK_VALUE) values ('KB_MEMBER',32);
Insert into KB.KB_UCODE_MAKER (UMK_KEY,UMK_VALUE) values ('KB_BOOK',55);
Insert into KB.KB_UCODE_MAKER (UMK_KEY,UMK_VALUE) values ('KB_RENT',55);
Insert into KB.KB_UCODE_MAKER (UMK_KEY,UMK_VALUE) values ('KB_MEMBER',16);
Insert into KB.KB_UCODE_MAKER (UMK_KEY,UMK_VALUE) values ('KB_BOOK',14);
REM INSERTING into KB.PGH_CLASS
SET DEFINE OFF;
Insert into KB.PGH_CLASS (CLS_NUM,CLS_NAME,CLS_SRC_PATH,SUB_NUM,CLS_DATE,RUN_NUM) values (2,'Grid-정렬 쿼리 반환','D:\work\csharp\project\project\project\project\project\Lib\Manager\GridManager.cs',null,to_date('23/05/12','RR/MM/DD'),1);
Insert into KB.PGH_CLASS (CLS_NUM,CLS_NAME,CLS_SRC_PATH,SUB_NUM,CLS_DATE,RUN_NUM) values (1,'GridManager.cs','D:\work\csharp\project\project\project\project\project\Lib\Manager\GridManager.cs',null,to_date('23/05/12','RR/MM/DD'),0);
Insert into KB.PGH_CLASS (CLS_NUM,CLS_NAME,CLS_SRC_PATH,SUB_NUM,CLS_DATE,RUN_NUM) values (6,'수업-설명','D:\work\csharp\project\project\project\project\project\Windows\Pop\Class\ClassPop.cs',null,to_date('23/05/17','RR/MM/DD'),0);
Insert into KB.PGH_CLASS (CLS_NUM,CLS_NAME,CLS_SRC_PATH,SUB_NUM,CLS_DATE,RUN_NUM) values (8,'용어 게시물 생성','D:\work\csharp\project\project\project\project\project\Windows\Pop\Terms\AddTerm.cs',null,to_date('23/05/17','RR/MM/DD'),0);
Insert into KB.PGH_CLASS (CLS_NUM,CLS_NAME,CLS_SRC_PATH,SUB_NUM,CLS_DATE,RUN_NUM) values (4,'class 창 생성 폴더','D:\work\csharp\project\project\project\project\project\Windows\Pop\Class\',null,to_date('23/05/17','RR/MM/DD'),0);
Insert into KB.PGH_CLASS (CLS_NUM,CLS_NAME,CLS_SRC_PATH,SUB_NUM,CLS_DATE,RUN_NUM) values (7,'term 창 생성 폴더','D:\work\csharp\project\project\project\project\project\Windows\Pop\Terms\',null,to_date('23/05/17','RR/MM/DD'),0);
Insert into KB.PGH_CLASS (CLS_NUM,CLS_NAME,CLS_SRC_PATH,SUB_NUM,CLS_DATE,RUN_NUM) values (5,'수업 게시물생성','D:\work\csharp\project\project\project\project\project\Windows\Pop\Class\AddClass.cs',null,to_date('23/05/17','RR/MM/DD'),1);
Insert into KB.PGH_CLASS (CLS_NUM,CLS_NAME,CLS_SRC_PATH,SUB_NUM,CLS_DATE,RUN_NUM) values (3,'Grid-행 반환','D:\work\csharp\project\project\project\project\project\Lib\Manager\GridManager.cs',null,to_date('23/05/12','RR/MM/DD'),0);
REM INSERTING into KB.PGH_RUN_IMAGE
SET DEFINE OFF;
Insert into KB.PGH_RUN_IMAGE (IMG_NUM,IMG_PICTURE,CLS_NUM) values (9,'D:\work\csharp\project\project\project\project\project\bin\Debug\Image\drink4_icecream.png',2);
Insert into KB.PGH_RUN_IMAGE (IMG_NUM,IMG_PICTURE,CLS_NUM) values (10,'D:\work\csharp\project\project\document\ppt\image\ui이미지\실행 결과 예시.png',1);
Insert into KB.PGH_RUN_IMAGE (IMG_NUM,IMG_PICTURE,CLS_NUM) values (13,'D:\work\csharp\project\project\project\project\project\bin\Debug\Image\실행결과\AddClass.png',4);
Insert into KB.PGH_RUN_IMAGE (IMG_NUM,IMG_PICTURE,CLS_NUM) values (14,'D:\work\csharp\project\project\project\project\project\bin\Debug\Image\실행결과\ClassPop.png',5);
Insert into KB.PGH_RUN_IMAGE (IMG_NUM,IMG_PICTURE,CLS_NUM) values (17,'D:\work\csharp\project\project\project\project\project\bin\Debug\Image\실행결과\AddTerm-1.png',6);
Insert into KB.PGH_RUN_IMAGE (IMG_NUM,IMG_PICTURE,CLS_NUM) values (18,'D:\work\csharp\project\project\project\project\project\bin\Debug\Image\실행결과\AddTerm-2.png',6);
REM INSERTING into KB.PGH_SUBJECT
SET DEFINE OFF;
REM INSERTING into KB.PGH_TERM
SET DEFINE OFF;
Insert into KB.PGH_TERM (TERM_NUM,TERM_NAME,TERM_TITLE,SUB_NUM,TERM_DATE) values (41,'CREATE SEQUENCE','번호표 구하기',null,to_date('23/05/17','RR/MM/DD'));
Insert into KB.PGH_TERM (TERM_NUM,TERM_NAME,TERM_TITLE,SUB_NUM,TERM_DATE) values (140,'InitializeComponent()','.cs의 디자인 불러옴',null,to_date('23/05/03','RR/MM/DD'));
REM INSERTING into KB.PGH_TERM_CODES
SET DEFINE OFF;
Insert into KB.PGH_TERM_CODES (TCD_NUM,TCD_SRC_PATH,TERM_NUM) values (10,'11',23);
Insert into KB.PGH_TERM_CODES (TCD_NUM,TCD_SRC_PATH,TERM_NUM) values (11,'11',24);
Insert into KB.PGH_TERM_CODES (TCD_NUM,TCD_SRC_PATH,TERM_NUM) values (12,'11',25);
Insert into KB.PGH_TERM_CODES (TCD_NUM,TCD_SRC_PATH,TERM_NUM) values (13,'11',25);
Insert into KB.PGH_TERM_CODES (TCD_NUM,TCD_SRC_PATH,TERM_NUM) values (14,'11',25);
Insert into KB.PGH_TERM_CODES (TCD_NUM,TCD_SRC_PATH,TERM_NUM) values (100,'D:\work\csharp\project\04\project\project\project\bin\Debug\Image\drink1_cola.png',101);
Insert into KB.PGH_TERM_CODES (TCD_NUM,TCD_SRC_PATH,TERM_NUM) values (36,'D:\work\csharp\project\10\project\project\project\Lib\Manager\GridManager.cs',1);
Insert into KB.PGH_TERM_CODES (TCD_NUM,TCD_SRC_PATH,TERM_NUM) values (90,'33',125);
Insert into KB.PGH_TERM_CODES (TCD_NUM,TCD_SRC_PATH,TERM_NUM) values (123,'1234',22);
Insert into KB.PGH_TERM_CODES (TCD_NUM,TCD_SRC_PATH,TERM_NUM) values (34,'D:\work\csharp\project\10\project\project\project\Lib\Manager\GridManager.cs',1);
Insert into KB.PGH_TERM_CODES (TCD_NUM,TCD_SRC_PATH,TERM_NUM) values (91,'11',125);
Insert into KB.PGH_TERM_CODES (TCD_NUM,TCD_SRC_PATH,TERM_NUM) values (35,null,1);
Insert into KB.PGH_TERM_CODES (TCD_NUM,TCD_SRC_PATH,TERM_NUM) values (124,'1',22);
Insert into KB.PGH_TERM_CODES (TCD_NUM,TCD_SRC_PATH,TERM_NUM) values (125,'2',22);
Insert into KB.PGH_TERM_CODES (TCD_NUM,TCD_SRC_PATH,TERM_NUM) values (126,'3',22);
Insert into KB.PGH_TERM_CODES (TCD_NUM,TCD_SRC_PATH,TERM_NUM) values (127,'5',22);
Insert into KB.PGH_TERM_CODES (TCD_NUM,TCD_SRC_PATH,TERM_NUM) values (121,'4',22);
Insert into KB.PGH_TERM_CODES (TCD_NUM,TCD_SRC_PATH,TERM_NUM) values (122,'1234',22);
Insert into KB.PGH_TERM_CODES (TCD_NUM,TCD_SRC_PATH,TERM_NUM) values (19,'3214',21);
Insert into KB.PGH_TERM_CODES (TCD_NUM,TCD_SRC_PATH,TERM_NUM) values (20,'3214',21);
Insert into KB.PGH_TERM_CODES (TCD_NUM,TCD_SRC_PATH,TERM_NUM) values (21,'3214',21);
Insert into KB.PGH_TERM_CODES (TCD_NUM,TCD_SRC_PATH,TERM_NUM) values (17,'3214',21);
Insert into KB.PGH_TERM_CODES (TCD_NUM,TCD_SRC_PATH,TERM_NUM) values (18,'3214',21);
REM INSERTING into KB.SALGRADE
SET DEFINE OFF;
Insert into KB.SALGRADE (GRADE,LOSAL,HISAL) values (1,700,1200);
Insert into KB.SALGRADE (GRADE,LOSAL,HISAL) values (2,1201,1400);
Insert into KB.SALGRADE (GRADE,LOSAL,HISAL) values (3,1401,2000);
Insert into KB.SALGRADE (GRADE,LOSAL,HISAL) values (4,2001,3000);
Insert into KB.SALGRADE (GRADE,LOSAL,HISAL) values (5,3001,9999);
